id,firstname,lastname,email,gender
1,Dorree,Buffin,dbuffin0@msn.com,Male
2,Babita,Vedenichev,bvedenichev1@51.la,Bigender
3,Benji,Rainville,brainville2@guardian.co.uk,Male
4,Candi,Squires,csquires3@dedecms.com,Non-binary
5,Raphaela,Baldock,rbaldock4@bloglines.com,Male
6,Franciskus,De Ferraris,fdeferraris5@people.com.cn,Male
7,Dougy,Armfirld,darmfirld6@discovery.com,Male
8,Lucy,Cruikshanks,lcruikshanks7@moonfruit.com,Male
9,Dennison,Pascoe,dpascoe8@abc.net.au,Female
10,Jade,McCrone,jmccrone9@prweb.com,Male
11,Batsheva,Leppo,bleppoa@ustream.tv,Female
12,Ginni,Loughney,gloughneyb@mlb.com,Male
13,Hermy,McQuillin,hmcquillinc@ca.gov,Male
14,Harriott,Lissaman,hlissamand@linkedin.com,Male
15,Roxi,Bernette,rbernettee@topsy.com,Male
16,Elsworth,Apthorpe,eapthorpef@va.gov,Male
17,Eleanor,Shillom,eshillomg@usa.gov,Female
18,Leonardo,Scholfield,lscholfieldh@moonfruit.com,Male
19,Gayler,Stuckow,gstuckowi@exblog.jp,Male
20,Roslyn,Neillans,rneillansj@github.io,Male
21,Coreen,Eicke,ceickek@aol.com,Female
22,Abelard,Beach,abeachl@umich.edu,Male
23,Gerek,Kurten,gkurtenm@joomla.org,Male
24,Janeczka,Willcot,jwillcotn@mozilla.com,Male
25,Bearnard,Philippart,bphilipparto@bloglines.com,Male
26,Arch,Menier,amenierp@eventbrite.com,Female
27,Ede,Lahive,elahiveq@i2i.jp,Female
28,Gaylene,Redler,gredlerr@utexas.edu,Female
29,Nydia,Jenkison,njenkisons@disqus.com,Female
30,Natale,Flannigan,nflannigant@usatoday.com,Male
31,Livia,Dallon,ldallonu@shinystat.com,Male
32,Molly,Schafer,mschaferv@berkeley.edu,Polygender
33,Nico,Warsap,nwarsapw@usa.gov,Female
34,Moise,Freeman,mfreemanx@webs.com,Male
35,Wendell,Falkous,wfalkousy@networkadvertising.org,Male
36,Susette,Placidi,splacidiz@bandcamp.com,Male
37,Leanora,Jiggen,ljiggen10@bloglines.com,Male
38,Kristel,Bagger,kbagger11@google.com,Male
39,Melloney,Drayson,mdrayson12@yellowpages.com,Male
40,Vinnie,Lendrem,vlendrem13@unc.edu,Female
41,Ivette,Elleton,ielleton14@rakuten.co.jp,Male
42,Myrilla,Eede,meede15@indiegogo.com,Female
43,Rowney,Rainforth,rrainforth16@woothemes.com,Male
44,Jorgan,Noirel,jnoirel17@networksolutions.com,Female
45,Ibbie,McCoughan,imccoughan18@hibu.com,Male
46,Allene,Fritzer,afritzer19@hibu.com,Female
47,Sherye,Eisikovitsh,seisikovitsh1a@seesaa.net,Female
48,Mahalia,Purple,mpurple1b@eepurl.com,Female
49,Massimiliano,Linnane,mlinnane1c@ed.gov,Genderqueer
50,Ina,Donaho,idonaho1d@gizmodo.com,Polygender
51,Fayth,Wallis,fwallis1e@aboutads.info,Female
52,Reade,Pitcaithly,rpitcaithly1f@harvard.edu,Female
53,Tobey,Axton,taxton1g@geocities.jp,Female
54,Arliene,Brockton,abrockton1h@seesaa.net,Male
55,Carrie,Somerset,csomerset1i@123-reg.co.uk,Male
56,Suzette,Hobbema,shobbema1j@cbslocal.com,Female
57,Percy,Di Lucia,pdilucia1k@vk.com,Female
58,Mareah,Sedgman,msedgman1l@cbsnews.com,Female
59,Lombard,Ewbanke,lewbanke1m@qq.com,Male
60,Karalynn,Martinets,kmartinets1n@linkedin.com,Female
61,Earle,Petasch,epetasch1o@ow.ly,Male
62,Steffi,Humpatch,shumpatch1p@springer.com,Male
63,Robin,Penas,rpenas1q@edublogs.org,Female
64,Robin,Garbert,rgarbert1r@flavors.me,Female
65,Guenevere,Thoumasson,gthoumasson1s@hugedomains.com,Male
66,Gerek,Dowglass,gdowglass1t@amazon.de,Male
67,Orlan,Kemmish,okemmish1u@jigsy.com,Male
68,Stacy,McKelvey,smckelvey1v@google.it,Male
69,Arden,Oxtiby,aoxtiby1w@craigslist.org,Male
70,Gwennie,Belvard,gbelvard1x@youtube.com,Female
71,Frederigo,Elener,felener1y@accuweather.com,Female
72,Cob,Luckhurst,cluckhurst1z@state.tx.us,Female
73,Briant,Yockney,byockney20@amazonaws.com,Male
74,Adriane,Lovstrom,alovstrom21@dmoz.org,Male
75,Wilek,Sterte,wsterte22@facebook.com,Male
76,Gareth,Weild,gweild23@mozilla.org,Female
77,Ellerey,Sherwill,esherwill24@mail.ru,Female
78,Lucius,Moulds,lmoulds25@fotki.com,Male
79,Tove,Genicke,tgenicke26@lulu.com,Male
80,Babb,Hodgins,bhodgins27@dion.ne.jp,Female
81,Letta,Stuart,lstuart28@ovh.net,Female
82,Julita,Skewis,jskewis29@chron.com,Female
83,Bevon,Aspinal,baspinal2a@elpais.com,Male
84,Rip,Pressman,rpressman2b@seesaa.net,Male
85,Estrellita,Choake,echoake2c@sourceforge.net,Male
86,Harmonie,Batalle,hbatalle2d@google.pl,Female
87,Augustin,de Mendoza,ademendoza2e@macromedia.com,Male
88,Averil,Durman,adurman2f@cdbaby.com,Male
89,Garrett,Peres,gperes2g@freewebs.com,Male
90,Jasmin,Brookz,jbrookz2h@nhs.uk,Male
91,Leonardo,Plank,lplank2i@linkedin.com,Genderfluid
92,Barbara,Priver,bpriver2j@google.fr,Male
93,Patricio,Dilland,pdilland2k@geocities.jp,Male
94,Morgen,Pasby,mpasby2l@ucoz.ru,Female
95,Glyn,O'Lehane,golehane2m@goodreads.com,Female
96,Garth,Antal,gantal2n@ning.com,Male
97,Clarissa,Nanninini,cnanninini2o@creativecommons.org,Female
98,Opalina,Janeczek,ojaneczek2p@loc.gov,Male
99,Derron,Birth,dbirth2q@mysql.com,Female
100,Ailina,Roby,aroby2r@icq.com,Female
101,Lief,McNulty,lmcnulty2s@amazonaws.com,Male
102,Clarita,Brastead,cbrastead2t@mozilla.org,Male
103,Hilda,Jellybrand,hjellybrand2u@newsvine.com,Female
104,Koenraad,Hearmon,khearmon2v@constantcontact.com,Male
105,Jorgan,Middlemass,jmiddlemass2w@examiner.com,Male
106,Crissy,Dimitrie,cdimitrie2x@washington.edu,Male
107,Paddy,Bayly,pbayly2y@cargocollective.com,Male
108,Boony,Bayston,bbayston2z@bbb.org,Female
109,Archibald,Cadogan,acadogan30@ycombinator.com,Female
110,Micheline,Tween,mtween31@walmart.com,Male
111,Heda,Abrahamsen,habrahamsen32@slate.com,Female
112,Anthea,Jeannel,ajeannel33@geocities.com,Bigender
113,Sebastiano,Buckles,sbuckles34@hibu.com,Female
114,Cicely,Angrave,cangrave35@cbc.ca,Male
115,Tibold,Bennell,tbennell36@sciencedaily.com,Female
116,Terrijo,Ivanuschka,tivanuschka37@amazon.com,Female
117,Felix,Bride,fbride38@youtu.be,Female
118,Kamilah,Pogson,kpogson39@cbslocal.com,Male
119,Eugene,Fruish,efruish3a@google.com.hk,Female
120,Timotheus,Cutmore,tcutmore3b@amazon.co.uk,Female
121,Florance,Fanti,ffanti3c@narod.ru,Female
122,Mile,Krale,mkrale3d@un.org,Female
123,Raviv,Swinglehurst,rswinglehurst3e@imdb.com,Male
124,Robbert,Lupton,rlupton3f@w3.org,Male
125,Laure,O'Connor,loconnor3g@gmpg.org,Female
126,Valentin,Goolding,vgoolding3h@go.com,Male
127,Georgianne,Duffield,gduffield3i@upenn.edu,Female
128,Eben,Sabey,esabey3j@nyu.edu,Female
129,Nataline,Perez,nperez3k@nationalgeographic.com,Female
130,Janine,Hyman,jhyman3l@nature.com,Female
131,Mercy,Davydychev,mdavydychev3m@nasa.gov,Male
132,Emerson,Skellern,eskellern3n@slashdot.org,Genderfluid
133,Mendie,Schulz,mschulz3o@oakley.com,Female
134,Franklin,Bale,fbale3p@hc360.com,Male
135,Birk,Carlton,bcarlton3q@goo.gl,Female
136,Doralynne,O'Kennavain,dokennavain3r@nhs.uk,Female
137,Tanya,Hayter,thayter3s@hatena.ne.jp,Genderfluid
138,Thaxter,Bauser,tbauser3t@oracle.com,Male
139,Cordie,Gabel,cgabel3u@china.com.cn,Female
140,Gunar,Standing,gstanding3v@geocities.jp,Male
141,Garwin,Cushe,gcushe3w@ed.gov,Female
142,Kathlin,Blose,kblose3x@seattletimes.com,Female
143,Patrick,Billanie,pbillanie3y@tripod.com,Female
144,Sephira,Slowan,sslowan3z@examiner.com,Female
145,Artemas,Sange,asange40@goo.gl,Female
146,Leonardo,Rudledge,lrudledge41@networksolutions.com,Female
147,Roxana,Pendre,rpendre42@mapquest.com,Male
148,Claudette,Bastian,cbastian43@friendfeed.com,Female
149,Alyce,Townson,atownson44@hp.com,Male
150,Koral,D'Cruze,kdcruze45@google.pl,Female
151,Lonna,Standing,lstanding46@squidoo.com,Male
152,Clem,Woodcock,cwoodcock47@1688.com,Female
153,Chery,Keyse,ckeyse48@wisc.edu,Female
154,Dorelle,McElree,dmcelree49@miitbeian.gov.cn,Female
155,Nydia,Frape,nfrape4a@sciencedaily.com,Female
156,Lynnette,Turbill,lturbill4b@usatoday.com,Female
157,Kenna,Virr,kvirr4c@lycos.com,Female
158,Gerard,Dury,gdury4d@reference.com,Male
159,Renate,Kalvin,rkalvin4e@feedburner.com,Male
160,Cozmo,Hanshaw,chanshaw4f@dot.gov,Male
161,Cole,Kassel,ckassel4g@google.com,Male
162,Osbert,Shama,oshama4h@wikipedia.org,Bigender
163,Aridatha,Probetts,aprobetts4i@hostgator.com,Male
164,Bride,Blakeway,bblakeway4j@jugem.jp,Male
165,Tove,Cleife,tcleife4k@drupal.org,Female
166,Abbott,O' Finan,aofinan4l@prweb.com,Female
167,Parrnell,Narramor,pnarramor4m@bloglovin.com,Male
168,Vittoria,Freear,vfreear4n@google.es,Female
169,Viola,Gaskamp,vgaskamp4o@cyberchimps.com,Male
170,Christel,Foden,cfoden4p@smh.com.au,Female
171,Saudra,Eden,seden4q@cbc.ca,Female
172,Harrison,Hindenburg,hhindenburg4r@seesaa.net,Female
173,Mirna,Porson,mporson4s@cnbc.com,Male
174,Frasier,Gomez,fgomez4t@github.io,Male
175,Milissent,Ridel,mridel4u@is.gd,Genderqueer
176,Rosella,Bendin,rbendin4v@squarespace.com,Male
177,Gratia,Matteini,gmatteini4w@bandcamp.com,Male
178,Christoph,Dietmar,cdietmar4x@google.es,Male
179,Vanna,Pankettman,vpankettman4y@networksolutions.com,Genderqueer
180,Inessa,Dimitriades,idimitriades4z@constantcontact.com,Female
181,Ali,Brideaux,abrideaux50@hexun.com,Male
182,Rozalie,Jakubiak,rjakubiak51@diigo.com,Female
183,Constanta,Lavin,clavin52@de.vu,Male
184,Ketty,Philimore,kphilimore53@ycombinator.com,Polygender
185,Gavin,Hoyles,ghoyles54@zdnet.com,Female
186,Michele,Skinn,mskinn55@desdev.cn,Female
187,Fonzie,Kasparski,fkasparski56@narod.ru,Female
188,Lisle,Ashforth,lashforth57@miibeian.gov.cn,Male
189,Araldo,Myott,amyott58@loc.gov,Female
190,Delcina,Tomenson,dtomenson59@webnode.com,Female
191,Jeanine,Bladesmith,jbladesmith5a@nhs.uk,Male
192,Kimmi,Himpson,khimpson5b@ehow.com,Female
193,Grantley,Redhouse,gredhouse5c@hao123.com,Female
194,Lucretia,Manthorpe,lmanthorpe5d@fema.gov,Male
195,Isahella,Bromley,ibromley5e@live.com,Male
196,Adelaide,Walczynski,awalczynski5f@studiopress.com,Male
197,Darci,Seilmann,dseilmann5g@baidu.com,Genderqueer
198,Scotty,Eagleton,seagleton5h@nhs.uk,Female
199,Nichole,Brundrett,nbrundrett5i@oracle.com,Female
200,Shelton,Rushmare,srushmare5j@opensource.org,Male
201,Burton,Kasperski,bkasperski5k@macromedia.com,Male
202,Allina,Balasin,abalasin5l@shutterfly.com,Female
203,Leandra,Meaddowcroft,lmeaddowcroft5m@hibu.com,Genderfluid
204,Henri,Jeffrey,hjeffrey5n@theglobeandmail.com,Agender
205,Fulvia,Caser,fcaser5o@comsenz.com,Female
206,Bradley,Courvert,bcourvert5p@miibeian.gov.cn,Male
207,Krystle,Lavin,klavin5q@eventbrite.com,Male
208,Kassi,Mattussevich,kmattussevich5r@ebay.com,Polygender
209,Rupert,Bilam,rbilam5s@live.com,Female
210,Geoffrey,Tulk,gtulk5t@prweb.com,Male
211,Corrine,McEwan,cmcewan5u@accuweather.com,Non-binary
212,Janaye,Canland,jcanland5v@telegraph.co.uk,Female
213,Adaline,Conichie,aconichie5w@jalbum.net,Female
214,Ivy,Lownsbrough,ilownsbrough5x@is.gd,Male
215,Kimberly,Ingman,kingman5y@sogou.com,Female
216,Briny,Willcott,bwillcott5z@wikipedia.org,Male
217,Sharona,Nicolson,snicolson60@blogtalkradio.com,Female
218,Salomi,Marzello,smarzello61@netlog.com,Female
219,Ulberto,Caskey,ucaskey62@wikia.com,Male
220,Dulcine,Awcock,dawcock63@redcross.org,Female
221,Marisa,Asker,masker64@google.com.au,Male
222,Doreen,Quade,dquade65@booking.com,Female
223,Brewster,Murthwaite,bmurthwaite66@boston.com,Agender
224,Paulo,Defau,pdefau67@netscape.com,Male
225,Allen,Faragher,afaragher68@msn.com,Male
226,Elset,Damp,edamp69@cam.ac.uk,Male
227,Gonzales,Shrimpton,gshrimpton6a@webs.com,Female
228,Rachel,Hafford,rhafford6b@w3.org,Female
229,Terri,Whiteway,twhiteway6c@mail.ru,Male
230,Faith,Atyea,fatyea6d@bigcartel.com,Male
231,Shell,Filyukov,sfilyukov6e@elegantthemes.com,Female
232,Gloria,Kirkham,gkirkham6f@redcross.org,Female
233,Nancy,Farrell,nfarrell6g@oakley.com,Male
234,Tasha,Hayley,thayley6h@themeforest.net,Male
235,Katuscha,Hoopper,khoopper6i@businesswire.com,Male
236,Jed,Gillcrist,jgillcrist6j@dagondesign.com,Male
237,Sara,Erricker,serricker6k@geocities.com,Male
238,Uri,Andrews,uandrews6l@jigsy.com,Female
239,Ardisj,Blazej,ablazej6m@ihg.com,Female
240,Hanson,Ashman,hashman6n@xinhuanet.com,Female
241,Katlin,Stranahan,kstranahan6o@skype.com,Female
242,Morris,Trippick,mtrippick6p@wp.com,Male
243,Esmaria,Olligan,eolligan6q@tiny.cc,Female
244,Richardo,Erb,rerb6r@senate.gov,Female
245,Roman,Pettigrew,rpettigrew6s@boston.com,Female
246,Blondelle,McMennum,bmcmennum6t@yolasite.com,Female
247,Hadleigh,O'Looney,holooney6u@alexa.com,Female
248,Ewell,Munson,emunson6v@diigo.com,Male
249,Adelle,Folan,afolan6w@admin.ch,Female
250,Karia,Aloway,kaloway6x@163.com,Female
251,Audry,Hucker,ahucker6y@quantcast.com,Male
252,Shena,Windaybank,swindaybank6z@google.cn,Female
253,Derry,Severy,dsevery70@so-net.ne.jp,Male
254,Janela,Jankowski,jjankowski71@usgs.gov,Male
255,Lavinia,Scougall,lscougall72@paginegialle.it,Female
256,Raffaello,Atger,ratger73@cocolog-nifty.com,Female
257,Filip,Stogill,fstogill74@mashable.com,Polygender
258,Bess,Mulkerrins,bmulkerrins75@google.ca,Female
259,Timi,Longmore,tlongmore76@wikimedia.org,Female
260,Rutter,Jeffreys,rjeffreys77@princeton.edu,Male
261,Niels,Burnand,nburnand78@digg.com,Female
262,Cathee,Marczyk,cmarczyk79@google.it,Male
263,Marisa,Matzen,mmatzen7a@ning.com,Male
264,Ursulina,D'Adamo,udadamo7b@wufoo.com,Female
265,Deedee,Thiese,dthiese7c@mozilla.org,Female
266,Maddalena,Draisey,mdraisey7d@icq.com,Female
267,Wittie,Hutcheon,whutcheon7e@google.com.au,Male
268,Carree,Slobom,cslobom7f@themeforest.net,Male
269,Lindsey,Shrimplin,lshrimplin7g@storify.com,Female
270,Elizabeth,Reuble,ereuble7h@tripadvisor.com,Male
271,Millard,Sabie,msabie7i@theglobeandmail.com,Male
272,Latrina,Conrad,lconrad7j@mapy.cz,Female
273,Waverley,Gillis,wgillis7k@bloglines.com,Male
274,Sean,Brassington,sbrassington7l@quantcast.com,Female
275,Gottfried,Rodman,grodman7m@goodreads.com,Female
276,Brose,Swaddle,bswaddle7n@oracle.com,Non-binary
277,Lishe,Bangle,lbangle7o@umich.edu,Female
278,Deeanne,Landers,dlanders7p@census.gov,Male
279,Maximilian,Navaro,mnavaro7q@bing.com,Male
280,Luca,Trye,ltrye7r@cafepress.com,Female
281,Renard,Cordelle,rcordelle7s@foxnews.com,Female
282,Clea,Rodrigues,crodrigues7t@craigslist.org,Female
283,Dacie,Masding,dmasding7u@usda.gov,Female
284,Dolorita,Spanswick,dspanswick7v@cdc.gov,Non-binary
285,Annadiane,Henken,ahenken7w@illinois.edu,Male
286,Kelli,Portch,kportch7x@qq.com,Male
287,Emelyne,Buard,ebuard7y@newyorker.com,Agender
288,Palm,Stretton,pstretton7z@reuters.com,Female
289,Alejoa,Mapletoft,amapletoft80@typepad.com,Female
290,Selig,Mole,smole81@nydailynews.com,Male
291,Myrta,Bulpitt,mbulpitt82@aol.com,Female
292,Roslyn,Kettlestringes,rkettlestringes83@google.ca,Female
293,Buffy,Lere,blere84@va.gov,Non-binary
294,Willyt,Guilloneau,wguilloneau85@linkedin.com,Female
295,Dew,Giorgio,dgiorgio86@spiegel.de,Male
296,Gertie,Tracey,gtracey87@uiuc.edu,Female
297,Doreen,Sein,dsein88@mlb.com,Male
298,Traci,Chiechio,tchiechio89@foxnews.com,Female
299,Darill,O'Doogan,dodoogan8a@mediafire.com,Male
300,Clari,Normington,cnormington8b@github.io,Female
301,Inez,Scholcroft,ischolcroft8c@hhs.gov,Female
302,Ros,Rowswell,rrowswell8d@bizjournals.com,Female
303,Falkner,Holwell,fholwell8e@youtube.com,Male
304,Taryn,Sprake,tsprake8f@multiply.com,Female
305,Ludvig,Doget,ldoget8g@reverbnation.com,Female
306,Maggie,Hallock,mhallock8h@google.fr,Female
307,Zorana,Esilmon,zesilmon8i@homestead.com,Male
308,Claudio,Jobbins,cjobbins8j@mail.ru,Male
309,Nesta,Riddington,nriddington8k@goo.ne.jp,Male
310,Fallon,Keeton,fkeeton8l@vk.com,Male
311,Rayna,Culter,rculter8m@blogs.com,Female
312,Yolane,Murrie,ymurrie8n@npr.org,Male
313,Gerri,Impson,gimpson8o@japanpost.jp,Male
314,Gerry,Orum,gorum8p@odnoklassniki.ru,Male
315,Kara,Beak,kbeak8q@reference.com,Female
316,Casper,Bartel,cbartel8r@hibu.com,Male
317,Harbert,Faux,hfaux8s@ycombinator.com,Female
318,Virgie,Gregoretti,vgregoretti8t@noaa.gov,Female
319,Cory,Donlon,cdonlon8u@alibaba.com,Female
320,Lynea,Muggleton,lmuggleton8v@statcounter.com,Female
321,Fredericka,Marusyak,fmarusyak8w@gnu.org,Female
322,Honor,Iscowitz,hiscowitz8x@de.vu,Female
323,Erena,Di Boldi,ediboldi8y@hostgator.com,Female
324,Rachel,Tabram,rtabram8z@ucoz.ru,Female
325,Gris,Vannikov,gvannikov90@unicef.org,Non-binary
326,Wynnie,Sainsbury-Brown,wsainsburybrown91@moonfruit.com,Male
327,Elvira,Carmo,ecarmo92@istockphoto.com,Female
328,Rick,Castleman,rcastleman93@amazon.com,Female
329,Ernest,Delacourt,edelacourt94@salon.com,Female
330,Aryn,Pargiter,apargiter95@wikimedia.org,Agender
331,Rogerio,Ubanks,rubanks96@miibeian.gov.cn,Male
332,Kincaid,Husbands,khusbands97@nature.com,Female
333,Vaclav,Aldwick,valdwick98@quantcast.com,Female
334,Rachel,Kynnd,rkynnd99@ebay.co.uk,Male
335,Loren,Vaudre,lvaudre9a@creativecommons.org,Bigender
336,Casey,Rubinsaft,crubinsaft9b@princeton.edu,Genderfluid
337,Al,Douberday,adouberday9c@boston.com,Male
338,Morten,McLugaish,mmclugaish9d@harvard.edu,Male
339,Hakeem,Greenhough,hgreenhough9e@chicagotribune.com,Male
340,Iolande,Rubenczyk,irubenczyk9f@gravatar.com,Male
341,Gris,Pellington,gpellington9g@multiply.com,Polygender
342,Heddi,Sleeford,hsleeford9h@bbc.co.uk,Female
343,Ali,Labuschagne,alabuschagne9i@parallels.com,Female
344,Ainsley,Menci,amenci9j@webmd.com,Female
345,Cathryn,Scalia,cscalia9k@unesco.org,Female
346,Franky,Michieli,fmichieli9l@ca.gov,Male
347,Elke,Averies,eaveries9m@google.com.hk,Female
348,Sullivan,Anand,sanand9n@over-blog.com,Male
349,Buiron,Coomber,bcoomber9o@reference.com,Genderqueer
350,Cari,Airth,cairth9p@paypal.com,Male
351,Devan,Saller,dsaller9q@unblog.fr,Female
352,Dud,Phillipps,dphillipps9r@mapy.cz,Female
353,Levon,Fredson,lfredson9s@spiegel.de,Male
354,Shari,Domanski,sdomanski9t@weather.com,Female
355,Dallis,covino,dcovino9u@nbcnews.com,Male
356,Collette,Latehouse,clatehouse9v@exblog.jp,Female
357,Giordano,Grimditch,ggrimditch9w@fotki.com,Male
358,Helli,Trevarthen,htrevarthen9x@vkontakte.ru,Polygender
359,Reinald,Crilly,rcrilly9y@joomla.org,Male
360,Ambros,Bryett,abryett9z@ning.com,Male
361,Vida,Hudless,vhudlessa0@yelp.com,Female
362,Aura,Triggol,atriggola1@fastcompany.com,Male
363,Caty,Belfitt,cbelfitta2@mashable.com,Genderqueer
364,Ulrick,Acland,uaclanda3@seattletimes.com,Male
365,Hatti,Boykett,hboyketta4@yale.edu,Male
366,Emmit,Cluett,ecluetta5@disqus.com,Female
367,Eli,Stiegers,estiegersa6@ask.com,Male
368,Lin,Sawtell,lsawtella7@google.cn,Male
369,Rhodie,Bastie,rbastiea8@zdnet.com,Bigender
370,Waylan,Lambdean,wlambdeana9@livejournal.com,Male
371,Angel,Tolefree,atolefreeaa@cisco.com,Genderqueer
372,Pacorro,Schoenrock,pschoenrockab@trellian.com,Female
373,Aubine,Jimmison,ajimmisonac@ucoz.ru,Female
374,Merry,Scowen,mscowenad@ovh.net,Male
375,Merl,Plimmer,mplimmerae@ehow.com,Female
376,Imogene,Tape,itapeaf@epa.gov,Genderfluid
377,Cherilynn,Dodimead,cdodimeadag@hc360.com,Female
378,Tish,Thecham,tthechamah@yolasite.com,Male
379,Tessi,Kennford,tkennfordai@baidu.com,Female
380,Desmund,Lampke,dlampkeaj@businesswire.com,Female
381,Melisse,Yegorovnin,myegorovninak@bbb.org,Female
382,Carmine,Leavry,cleavryal@salon.com,Male
383,Pamelina,MacPike,pmacpikeam@clickbank.net,Female
384,Marget,Grimbleby,mgrimblebyan@weibo.com,Female
385,Addie,Prinne,aprinneao@google.ca,Male
386,Estrellita,O'Roan,eoroanap@facebook.com,Male
387,Caressa,Simoneschi,csimoneschiaq@yolasite.com,Male
388,Linnell,Moughton,lmoughtonar@drupal.org,Male
389,Daryle,Vosse,dvosseas@github.io,Male
390,Sarette,Ickovici,sickoviciat@ibm.com,Male
391,Zach,Dallicott,zdallicottau@about.me,Male
392,Raeann,Grosier,rgrosierav@sciencedaily.com,Female
393,Alexa,Kinnard,akinnardaw@shop-pro.jp,Male
394,Rachael,Aleveque,ralevequeax@google.es,Male
395,Rowland,Hick,rhickay@sun.com,Male
396,Harp,Latham,hlathamaz@ucoz.ru,Genderfluid
397,Johan,Renison,jrenisonb0@twitpic.com,Male
398,Hildagarde,Bathow,hbathowb1@cargocollective.com,Female
399,Joanna,McArley,jmcarleyb2@cbslocal.com,Male
400,Libbi,Stearne,lstearneb3@vkontakte.ru,Male
401,Vivienne,Van't Hoff,vvanthoffb4@tiny.cc,Female
402,Yasmeen,Rayment,yraymentb5@fc2.com,Male
403,Jeanne,Van de Castele,jvandecasteleb6@cmu.edu,Male
404,Chrystal,Jaouen,cjaouenb7@lulu.com,Female
405,Thadeus,Bott,tbottb8@odnoklassniki.ru,Female
406,Sabine,Eley,seleyb9@slideshare.net,Female
407,Crawford,Alesin,calesinba@qq.com,Male
408,Danni,Haddleton,dhaddletonbb@slideshare.net,Female
409,Berkley,McNay,bmcnaybc@ocn.ne.jp,Male
410,Siobhan,Critchell,scritchellbd@ow.ly,Female
411,Delly,Doulden,ddouldenbe@t.co,Female
412,Fae,Abelov,fabelovbf@paypal.com,Non-binary
413,William,Lissemore,wlissemorebg@usgs.gov,Female
414,Barri,Rosgen,brosgenbh@intel.com,Female
415,Vinson,de la Tremoille,vdelatremoillebi@hc360.com,Male
416,Evie,Shaxby,eshaxbybj@theatlantic.com,Female
417,Flora,Coal,fcoalbk@bandcamp.com,Male
418,Corette,Fourmy,cfourmybl@deviantart.com,Female
419,Isabel,Carus,icarusbm@yahoo.com,Male
420,Carolan,Skea,cskeabn@jigsy.com,Female
421,Hadlee,Surmon,hsurmonbo@dmoz.org,Male
422,Prentiss,Agiolfinger,pagiolfingerbp@dyndns.org,Male
423,Amanda,Ganforthe,aganforthebq@bigcartel.com,Male
424,Gregoor,Lillee,glilleebr@elegantthemes.com,Female
425,Chrisy,Venning,cvenningbs@tiny.cc,Female
426,Dory,Gilberthorpe,dgilberthorpebt@cargocollective.com,Female
427,Willabella,Picford,wpicfordbu@163.com,Female
428,Jedediah,Grainger,jgraingerbv@stanford.edu,Male
429,Sunny,Valero,svalerobw@4shared.com,Polygender
430,Dorisa,Winny,dwinnybx@1und1.de,Male
431,Harcourt,Sanchez,hsanchezby@live.com,Female
432,Julietta,Tether,jtetherbz@sciencedirect.com,Non-binary
433,Neysa,Bahde,nbahdec0@umn.edu,Polygender
434,Sallyann,Lente,slentec1@wikimedia.org,Male
435,Duncan,Moralee,dmoraleec2@scientificamerican.com,Female
436,Sibyl,Domengue,sdomenguec3@paypal.com,Non-binary
437,Lars,Wright,lwrightc4@zimbio.com,Male
438,Ginger,Longfoot,glongfootc5@usatoday.com,Male
439,Duffie,Kilminster,dkilminsterc6@arizona.edu,Male
440,Elva,Kemp,ekempc7@un.org,Male
441,Artie,Vader,avaderc8@prnewswire.com,Female
442,Alyda,Jandera,ajanderac9@elegantthemes.com,Female
443,Nerissa,Charle,ncharleca@walmart.com,Male
444,Deonne,Dine-Hart,ddinehartcb@epa.gov,Polygender
445,Iorgos,Tatlock,itatlockcc@booking.com,Female
446,Loydie,Addicote,laddicotecd@upenn.edu,Male
447,Falito,Andrys,fandrysce@wiley.com,Male
448,Dorita,Divina,ddivinacf@ow.ly,Female
449,Cazzie,Speedy,cspeedycg@sitemeter.com,Male
450,Dulcy,Mival,dmivalch@gov.uk,Female
451,Tiffany,Kellet,tkelletci@mediafire.com,Female
452,Ashlan,Kobel,akobelcj@blogtalkradio.com,Female
453,Elysha,D'Cruze,edcruzeck@purevolume.com,Male
454,Suzy,Brecher,sbrechercl@sohu.com,Female
455,Virgilio,Howley,vhowleycm@senate.gov,Male
456,Pascale,Pallesen,ppallesencn@nih.gov,Female
457,Hugues,Skewes,hskewesco@shutterfly.com,Female
458,Fidel,Addie,faddiecp@google.co.uk,Female
459,Grethel,O'Henehan,gohenehancq@cpanel.net,Female
460,Robinet,Fish,rfishcr@nature.com,Female
461,Kristien,Sandiford,ksandifordcs@marriott.com,Male
462,Alick,Wonfar,awonfarct@zdnet.com,Female
463,Cristiano,Wolstencroft,cwolstencroftcu@wikia.com,Female
464,Mellisent,Silbersak,msilbersakcv@dailymail.co.uk,Polygender
465,Sinclare,Fantonetti,sfantonetticw@aol.com,Male
466,Mandie,Megainey,mmegaineycx@ucla.edu,Female
467,Isidora,Beauly,ibeaulycy@devhub.com,Genderfluid
468,Percy,Ferraretto,pferrarettocz@deliciousdays.com,Female
469,Lauraine,Kestle,lkestled0@skyrock.com,Female
470,Marje,Mitrovic,mmitrovicd1@phpbb.com,Agender
471,Florencia,Gallico,fgallicod2@netlog.com,Female
472,Constantina,Andries,candriesd3@disqus.com,Female
473,Ranice,Darleston,rdarlestond4@blogspot.com,Male
474,Silvanus,Crebo,screbod5@cnbc.com,Female
475,Elvira,Lewens,elewensd6@acquirethisname.com,Bigender
476,Danita,Mulhall,dmulhalld7@gnu.org,Female
477,Petra,Aspin,paspind8@cmu.edu,Non-binary
478,Kala,Boyet,kboyetd9@blinklist.com,Agender
479,Geri,Goldsbrough,ggoldsbroughda@exblog.jp,Polygender
480,Chick,Hanbidge,chanbidgedb@mac.com,Male
481,Rip,MacIlhagga,rmacilhaggadc@reuters.com,Male
482,Maxie,Works,mworksdd@xinhuanet.com,Female
483,Heath,MacTeague,hmacteaguede@wikia.com,Genderfluid
484,Bennie,Grishunin,bgrishunindf@oracle.com,Female
485,Cymbre,Gammack,cgammackdg@engadget.com,Male
486,Bird,Cecchetelli,bcecchetellidh@icq.com,Male
487,Trevor,Croxford,tcroxforddi@flickr.com,Male
488,Claiborne,Whitney,cwhitneydj@cocolog-nifty.com,Female
489,Cobbie,Ben,cbendk@weather.com,Male
490,Clive,O'Crigane,cocriganedl@patch.com,Male
491,Orelle,Flicker,oflickerdm@dyndns.org,Male
492,Veronica,Gething,vgethingdn@microsoft.com,Male
493,Tait,Bittlestone,tbittlestonedo@chron.com,Female
494,Marlowe,Jakes,mjakesdp@csmonitor.com,Female
495,Jaimie,Lindholm,jlindholmdq@nasa.gov,Male
496,Annabela,Saltman,asaltmandr@blogspot.com,Female
497,Rouvin,Truwert,rtruwertds@wikimedia.org,Female
498,Truman,Boulding,tbouldingdt@t-online.de,Female
499,Pietrek,Martynikhin,pmartynikhindu@samsung.com,Male
500,Reese,Tomek,rtomekdv@sitemeter.com,Female
501,Theda,Parnaby,tparnabydw@yandex.ru,Male
502,Sibella,Sabati,ssabatidx@sourceforge.net,Female
503,Elisabetta,Champkins,echampkinsdy@columbia.edu,Genderfluid
504,Rey,Stead,rsteaddz@nih.gov,Agender
505,Leoline,Cherry,lcherrye0@altervista.org,Male
506,Tootsie,Ranyell,tranyelle1@purevolume.com,Agender
507,Harman,Hendrickson,hhendricksone2@prnewswire.com,Male
508,Cly,McSkeagan,cmcskeagane3@imdb.com,Male
509,Sharon,Albrook,salbrooke4@nba.com,Female
510,Bernhard,MacGibbon,bmacgibbone5@java.com,Female
511,Eva,Hennemann,ehennemanne6@upenn.edu,Male
512,Carry,Mackrell,cmackrelle7@dmoz.org,Male
513,Tracie,Sanderson,tsandersone8@ning.com,Female
514,Lexy,Dawidman,ldawidmane9@ocn.ne.jp,Female
515,Deanna,Aggas,daggasea@parallels.com,Non-binary
516,Matt,Barley,mbarleyeb@alexa.com,Female
517,Olenka,McCourt,omccourtec@ucoz.com,Male
518,Darice,Tregunna,dtregunnaed@cpanel.net,Male
519,Binni,Thynne,bthynneee@zimbio.com,Female
520,Ronna,Rawles,rrawlesef@discovery.com,Male
521,Mareah,Pleven,mpleveneg@cpanel.net,Female
522,Benjy,Dornin,bdornineh@ameblo.jp,Male
523,Fredric,Lerer,flererei@hibu.com,Male
524,Rosanna,Randlesome,rrandlesomeej@dailymotion.com,Male
525,Celisse,Davenhill,cdavenhillek@engadget.com,Male
526,Karlene,Huttley,khuttleyel@paginegialle.it,Male
527,Shandy,Chapelhow,schapelhowem@51.la,Male
528,Clarinda,Harbert,charberten@google.de,Female
529,Frasquito,Bloxsome,fbloxsomeeo@histats.com,Genderqueer
530,Brande,Leverington,bleveringtonep@livejournal.com,Male
531,Derrick,Showler,dshowlereq@blog.com,Female
532,Torrey,Mudd,tmudder@biglobe.ne.jp,Female
533,Bogey,Dagleas,bdagleases@princeton.edu,Male
534,Balduin,Albon,balbonet@chron.com,Male
535,Electra,Pattillo,epattilloeu@smh.com.au,Male
536,Marita,Guarnier,mguarnierev@goo.gl,Female
537,Foster,Baldree,fbaldreeew@army.mil,Female
538,Mavra,Sighart,msighartex@prweb.com,Male
539,Diann,Cazalet,dcazaletey@msu.edu,Female
540,Philipa,Mussared,pmussaredez@miibeian.gov.cn,Female
541,Shelly,Greendale,sgreendalef0@delicious.com,Female
542,Paulina,Bousler,pbouslerf1@utexas.edu,Male
543,Oberon,Sheaf,osheaff2@creativecommons.org,Male
544,Licha,Lacotte,llacottef3@guardian.co.uk,Female
545,Horatia,Leidl,hleidlf4@weibo.com,Female
546,Raynell,Chant,rchantf5@salon.com,Male
547,Darnell,Conlaund,dconlaundf6@reference.com,Male
548,Cornie,Blackhall,cblackhallf7@behance.net,Female
549,Abagael,Basill,abasillf8@netscape.com,Male
550,Meta,Fudge,mfudgef9@delicious.com,Female
551,Olga,Fifoot,ofifootfa@constantcontact.com,Male
552,Allyn,Ortiga,aortigafb@stumbleupon.com,Female
553,Aldo,Heber,aheberfc@printfriendly.com,Female
554,Elvina,Shallcrass,eshallcrassfd@usgs.gov,Female
555,Seward,Boissier,sboissierfe@imdb.com,Male
556,Dore,Oxteby,doxtebyff@hubpages.com,Female
557,Kayla,Steanson,ksteansonfg@is.gd,Female
558,Meade,Crucitti,mcrucittifh@independent.co.uk,Female
559,Yvon,Arnison,yarnisonfi@wikispaces.com,Female
560,Milly,Bedburrow,mbedburrowfj@cocolog-nifty.com,Female
561,Korry,Huke,khukefk@alexa.com,Male
562,Gerhardt,Ninnoli,gninnolifl@eventbrite.com,Male
563,Bryce,Thewless,bthewlessfm@cnn.com,Male
564,Shalna,Andryushchenko,sandryushchenkofn@businessinsider.com,Female
565,Jeth,Gatecliffe,jgatecliffefo@hp.com,Polygender
566,Seline,Nutten,snuttenfp@auda.org.au,Female
567,Sherm,Fripp,sfrippfq@usatoday.com,Male
568,Baxy,Spink,bspinkfr@1und1.de,Female
569,Wrennie,Iannuzzi,wiannuzzifs@php.net,Male
570,Lona,Cleverly,lcleverlyft@photobucket.com,Female
571,Janella,Purnell,jpurnellfu@tumblr.com,Female
572,Mair,Hirth,mhirthfv@imdb.com,Female
573,Lizzy,Arkwright,larkwrightfw@taobao.com,Male
574,Traver,Willgress,twillgressfx@addthis.com,Male
575,Barnie,Ladyman,bladymanfy@state.gov,Male
576,Sibeal,Strapp,sstrappfz@army.mil,Male
577,Cristian,Balmer,cbalmerg0@foxnews.com,Male
578,Wain,Burkett,wburkettg1@soup.io,Male
579,Hadleigh,Learmouth,hlearmouthg2@discuz.net,Male
580,Free,Bundock,fbundockg3@webnode.com,Female
581,Forest,Fontelles,ffontellesg4@trellian.com,Male
582,Peterus,Lancetter,plancetterg5@tinypic.com,Male
583,Averyl,Woodroofe,awoodroofeg6@sina.com.cn,Male
584,Ofilia,Yitzhakof,oyitzhakofg7@amazonaws.com,Male
585,Cyrus,McQuilliam,cmcquilliamg8@dailymail.co.uk,Male
586,Tallie,Braywood,tbraywoodg9@yolasite.com,Female
587,Melantha,Hannaford,mhannafordga@netscape.com,Non-binary
588,Sabine,Brisley,sbrisleygb@businesswire.com,Female
589,Theresina,Malpass,tmalpassgc@walmart.com,Male
590,Dave,Ovanesian,dovanesiangd@people.com.cn,Female
591,Trescha,Coram,tcoramge@answers.com,Female
592,Susann,Pasek,spasekgf@cornell.edu,Female
593,Myriam,Redmain,mredmaingg@fastcompany.com,Female
594,Claudelle,Biaggi,cbiaggigh@constantcontact.com,Male
595,Phillipp,Ilyushkin,pilyushkingi@state.gov,Female
596,Onfre,Berka,oberkagj@virginia.edu,Male
597,Genny,Crowe,gcrowegk@google.com.au,Male
598,Zaccaria,Haseman,zhasemangl@w3.org,Female
599,Erin,Labes,elabesgm@theatlantic.com,Male
600,Pinchas,Newlands,pnewlandsgn@csmonitor.com,Male
601,Edmund,Eldrid,eeldridgo@naver.com,Female
602,Keenan,Maggi,kmaggigp@google.pl,Male
603,Elmo,Pidgeley,epidgeleygq@sohu.com,Male
604,Neron,Gisby,ngisbygr@about.com,Female
605,Alvie,Annon,aannongs@un.org,Male
606,Bancroft,Rist,bristgt@prnewswire.com,Female
607,Westbrooke,Brimman,wbrimmangu@icio.us,Female
608,Gilberto,Petett,gpetettgv@businessinsider.com,Agender
609,Phil,Derks,pderksgw@blogspot.com,Male
610,Meyer,Fiorentino,mfiorentinogx@dell.com,Bigender
611,Alta,Planks,aplanksgy@wsj.com,Female
612,Hector,Hunnicutt,hhunnicuttgz@tamu.edu,Female
613,Lyon,Waterstone,lwaterstoneh0@google.es,Female
614,Modesta,Baxstare,mbaxstareh1@virginia.edu,Female
615,Jyoti,Bernardy,jbernardyh2@stanford.edu,Female
616,Devy,Renard,drenardh3@gizmodo.com,Male
617,Liza,Muirden,lmuirdenh4@cloudflare.com,Female
618,Hillie,Tschursch,htschurschh5@feedburner.com,Male
619,Loni,Holtom,lholtomh6@auda.org.au,Male
620,Milty,Avraham,mavrahamh7@g.co,Female
621,Wyatan,Thwaites,wthwaitesh8@examiner.com,Male
622,Bev,Carswell,bcarswellh9@xing.com,Male
623,Harris,Hyland,hhylandha@oakley.com,Female
624,Tabbie,Peaple,tpeaplehb@chicagotribune.com,Female
625,Ezechiel,Coyne,ecoynehc@nature.com,Female
626,Uri,Pautot,upautothd@ycombinator.com,Female
627,Thorsten,Gutsell,tgutsellhe@telegraph.co.uk,Male
628,Margarita,McCollum,mmccollumhf@angelfire.com,Non-binary
629,Nanete,O'Skehan,noskehanhg@oaic.gov.au,Female
630,Cletus,Zapata,czapatahh@list-manage.com,Male
631,Peyton,Steptow,psteptowhi@google.ca,Male
632,Grange,Veazey,gveazeyhj@xrea.com,Male
633,Corabella,Kiefer,ckieferhk@ftc.gov,Female
634,Ermin,Sharpe,esharpehl@wikipedia.org,Male
635,Jesse,Radin,jradinhm@cnbc.com,Male
636,Althea,Guidetti,aguidettihn@wordpress.org,Male
637,Alexandros,Polding,apoldingho@yolasite.com,Male
638,Darb,Dearnaley,ddearnaleyhp@free.fr,Polygender
639,Malinde,Burdis,mburdishq@europa.eu,Female
640,Geneva,Fiske,gfiskehr@wix.com,Male
641,Kareem,O' Mulderrig,komulderrighs@mashable.com,Female
642,Hamnet,Kippie,hkippieht@fc2.com,Bigender
643,Colly,Arni,carnihu@msn.com,Female
644,Paolina,Creus,pcreushv@blogs.com,Male
645,Clarine,Brass,cbrasshw@sitemeter.com,Male
646,Barclay,Carder,bcarderhx@last.fm,Female
647,Tiena,Broadhead,tbroadheadhy@techcrunch.com,Female
648,Almeria,Parbrook,aparbrookhz@whitehouse.gov,Female
649,Jami,Golthorpp,jgolthorppi0@baidu.com,Male
650,Tedie,Wroughton,twroughtoni1@sciencedirect.com,Agender
651,Julietta,Attkins,jattkinsi2@sciencedirect.com,Male
652,Harris,Dewsnap,hdewsnapi3@addtoany.com,Male
653,Boycey,Van Baaren,bvanbaareni4@photobucket.com,Male
654,Ad,Randalson,arandalsoni5@telegraph.co.uk,Non-binary
655,Anne-marie,Webb-Bowen,awebbboweni6@list-manage.com,Female
656,Abbye,Tewelson,atewelsoni7@xing.com,Female
657,Judon,Kliche,jklichei8@amazonaws.com,Male
658,Britney,Crickett,bcricketti9@digg.com,Female
659,Keriann,Morgen,kmorgenia@slate.com,Female
660,Graig,Davidow,gdavidowib@mashable.com,Bigender
661,Rube,Croucher,rcroucheric@mapquest.com,Female
662,Dion,Barnwill,dbarnwillid@list-manage.com,Female
663,Laney,Niesegen,lniesegenie@gov.uk,Female
664,Alejandro,Fellenor,afellenorif@google.de,Male
665,Lauralee,Trusse,ltrusseig@mozilla.com,Female
666,Nevin,Ord,nordih@wordpress.com,Male
667,Margit,Imort,mimortii@360.cn,Male
668,Lyndsay,Vanichev,lvanichevij@miitbeian.gov.cn,Male
669,Bertha,Falls,bfallsik@t-online.de,Male
670,Stace,St Leger,sstlegeril@opensource.org,Male
671,Susy,Libbie,slibbieim@4shared.com,Male
672,Farrand,Chadwen,fchadwenin@infoseek.co.jp,Non-binary
673,Ginnifer,Doel,gdoelio@ifeng.com,Genderfluid
674,Kristien,Powley,kpowleyip@gnu.org,Female
675,Dorrie,Wozencroft,dwozencroftiq@netscape.com,Female
676,Arvie,O'Dreain,aodreainir@topsy.com,Female
677,Clay,Bolus,cbolusis@wsj.com,Polygender
678,Cinnamon,Becerra,cbecerrait@businessweek.com,Male
679,Georgette,Waddup,gwaddupiu@google.com,Female
680,Lorinda,Nairy,lnairyiv@nationalgeographic.com,Female
681,Jenna,Ickovici,jickoviciiw@live.com,Male
682,Danny,Longstaffe,dlongstaffeix@comcast.net,Male
683,Jobyna,Beebee,jbeebeeiy@dailymotion.com,Female
684,Siffre,Darbey,sdarbeyiz@berkeley.edu,Male
685,Keven,Phillput,kphillputj0@dmoz.org,Female
686,Adolphe,Gable,agablej1@pagesperso-orange.fr,Male
687,Lewiss,Guppy,lguppyj2@dot.gov,Male
688,Haze,Heathfield,hheathfieldj3@europa.eu,Female
689,Wilfred,Alishoner,walishonerj4@yelp.com,Female
690,Leoine,McNeice,lmcneicej5@artisteer.com,Female
691,Enrique,Marieton,emarietonj6@networksolutions.com,Male
692,Lorianna,De Filippo,ldefilippoj7@walmart.com,Male
693,Salomo,Philipard,sphilipardj8@ebay.com,Male
694,Barry,Thewles,bthewlesj9@123-reg.co.uk,Female
695,Irita,LAbbet,ilabbetja@sakura.ne.jp,Male
696,Sydel,Uden,sudenjb@123-reg.co.uk,Female
697,Dunstan,Cheales,dchealesjc@cnn.com,Male
698,Enos,Allsupp,eallsuppjd@edublogs.org,Female
699,Burnaby,Gravey,bgraveyje@oracle.com,Male
700,Amie,Stonary,astonaryjf@google.fr,Female
701,Kirstyn,Shelford,kshelfordjg@timesonline.co.uk,Female
702,Kaitlynn,Trubshawe,ktrubshawejh@amazon.co.uk,Male
703,Dimitri,Rosenblum,drosenblumji@ask.com,Male
704,Karna,Eburah,keburahjj@prlog.org,Male
705,My,Rossi,mrossijk@booking.com,Male
706,Haskell,Cescoti,hcescotijl@free.fr,Female
707,Dorita,McCormick,dmccormickjm@ibm.com,Male
708,De,Mowat,dmowatjn@msu.edu,Male
709,Brandy,Morhall,bmorhalljo@ustream.tv,Bigender
710,Forbes,Brigstock,fbrigstockjp@canalblog.com,Female
711,Shadow,Dymocke,sdymockejq@mysql.com,Male
712,Lynett,Bomb,lbombjr@homestead.com,Female
713,Dorice,Garmey,dgarmeyjs@nyu.edu,Female
714,Pat,Usborn,pusbornjt@skyrock.com,Male
715,Adore,McAlinden,amcalindenju@businessinsider.com,Female
716,Lucio,Slatcher,lslatcherjv@alexa.com,Male
717,Erie,Sherry,esherryjw@usa.gov,Female
718,Torin,Lerohan,tlerohanjx@seesaa.net,Female
719,Anni,Shilliday,ashillidayjy@sakura.ne.jp,Female
720,Krysta,Petherick,kpetherickjz@boston.com,Female
721,Carolina,Bodham,cbodhamk0@hud.gov,Male
722,Parker,Cornewall,pcornewallk1@freewebs.com,Female
723,Ruth,Innes,rinnesk2@parallels.com,Male
724,Shell,Eliasson,seliassonk3@qq.com,Male
725,Ray,Janowicz,rjanowiczk4@surveymonkey.com,Female
726,Thorsten,Sanchiz,tsanchizk5@usnews.com,Male
727,Dionisio,Hammerton,dhammertonk6@upenn.edu,Genderqueer
728,Baryram,Polini,bpolinik7@com.com,Male
729,Ty,Meatyard,tmeatyardk8@plala.or.jp,Male
730,Delores,Ashburne,dashburnek9@linkedin.com,Female
731,Hildagard,Grunder,hgrunderka@youtube.com,Genderfluid
732,Ricard,Mallam,rmallamkb@altervista.org,Male
733,Norah,Cavaney,ncavaneykc@gnu.org,Male
734,Minetta,Tapping,mtappingkd@odnoklassniki.ru,Female
735,Cullin,Udell,cudellke@typepad.com,Male
736,Doralia,Aisman,daismankf@diigo.com,Female
737,Falkner,Challenger,fchallengerkg@cbc.ca,Female
738,Imogene,Grayne,igraynekh@latimes.com,Male
739,Munmro,Lockney,mlockneyki@senate.gov,Female
740,Ezequiel,Cadogan,ecadogankj@instagram.com,Male
741,Chelsey,Sarver,csarverkk@diigo.com,Female
742,Faydra,Athy,fathykl@odnoklassniki.ru,Male
743,Lucita,Janse,ljansekm@etsy.com,Female
744,Sherm,Purslow,spurslowkn@freewebs.com,Male
745,Ewen,Petty,epettyko@oakley.com,Male
746,Arnold,Johncey,ajohnceykp@smh.com.au,Female
747,Jermaine,Caff,jcaffkq@ovh.net,Male
748,Corrianne,Paddell,cpaddellkr@soup.io,Female
749,Faye,Varker,fvarkerks@oracle.com,Female
750,Evvie,Caspell,ecaspellkt@japanpost.jp,Female
751,Madelyn,Banyard,mbanyardku@springer.com,Male
752,Ingunna,Cordner,icordnerkv@weibo.com,Female
753,Terri-jo,Gyves,tgyveskw@goo.gl,Male
754,Vittoria,Pemberton,vpembertonkx@nba.com,Female
755,Leonie,Zanni,lzanniky@aboutads.info,Female
756,Gipsy,Poile,gpoilekz@mapy.cz,Male
757,Riley,Tother,rtotherl0@vkontakte.ru,Male
758,Brandie,Martinot,bmartinotl1@census.gov,Female
759,Joelie,Steger,jstegerl2@nymag.com,Female
760,Vaclav,Kalinowsky,vkalinowskyl3@auda.org.au,Female
761,Burgess,Gooch,bgoochl4@ebay.co.uk,Male
762,Celisse,Caldwall,ccaldwalll5@simplemachines.org,Female
763,Rickard,Billes,rbillesl6@goo.ne.jp,Male
764,Finn,Relfe,frelfel7@tiny.cc,Male
765,Hermann,O'Shiel,hoshiell8@disqus.com,Female
766,Morgen,Rapinett,mrapinettl9@state.tx.us,Male
767,Joey,De Biasi,jdebiasila@geocities.jp,Male
768,Gayleen,Sline,gslinelb@naver.com,Female
769,Kain,Kellegher,kkellegherlc@dell.com,Male
770,Fabien,Hugnet,fhugnetld@virginia.edu,Female
771,Myrle,Giuroni,mgiuronile@tmall.com,Female
772,Tully,Muffitt,tmuffittlf@simplemachines.org,Agender
773,Felipa,Darleston,fdarlestonlg@blogger.com,Female
774,Pat,Rubinsky,prubinskylh@virginia.edu,Female
775,Beckie,Gladdifh,bgladdifhli@cbc.ca,Male
776,Jackquelin,Norwich,jnorwichlj@princeton.edu,Female
777,Dominica,Tomashov,dtomashovlk@csmonitor.com,Male
778,Jamie,Press,jpressll@diigo.com,Female
779,Alisa,Cellier,acellierlm@bizjournals.com,Polygender
780,Abraham,Dominey,adomineyln@abc.net.au,Female
781,Dion,Lathee,dlatheelo@vimeo.com,Female
782,Moises,Forsyth,mforsythlp@thetimes.co.uk,Female
783,Lise,Mathieu,lmathieulq@jalbum.net,Male
784,Hakim,Woolerton,hwoolertonlr@theatlantic.com,Male
785,Bebe,Ruoff,bruoffls@a8.net,Male
786,Phillida,Stopper,pstopperlt@hexun.com,Male
787,Karola,Glozman,kglozmanlu@google.es,Female
788,Minetta,Alasdair,malasdairlv@webnode.com,Male
789,Chandler,Southeran,csoutheranlw@pagesperso-orange.fr,Male
790,Romeo,Kreutzer,rkreutzerlx@blogs.com,Male
791,Giuseppe,Yukhin,gyukhinly@webmd.com,Female
792,Pascal,Nast,pnastlz@npr.org,Female
793,Claudius,Thibodeaux,cthibodeauxm0@histats.com,Female
794,Adelina,McColm,amccolmm1@is.gd,Male
795,Carena,Sinnatt,csinnattm2@theglobeandmail.com,Agender
796,Erroll,Maharg,emahargm3@bandcamp.com,Female
797,Nola,Alliker,nallikerm4@fastcompany.com,Female
798,Kelwin,Strood,kstroodm5@chronoengine.com,Female
799,Aksel,Mitten,amittenm6@angelfire.com,Female
800,Boigie,De Andisie,bdeandisiem7@jimdo.com,Female
801,Sisely,Lethby,slethbym8@engadget.com,Male
802,Isak,Jansey,ijanseym9@slideshare.net,Female
803,Talia,Cutforth,tcutforthma@friendfeed.com,Female
804,Ardys,Beaglehole,abeagleholemb@wordpress.org,Male
805,Eloisa,O' Cloney,eocloneymc@techcrunch.com,Male
806,Gilberto,Mohammad,gmohammadmd@xing.com,Female
807,Suellen,Rojel,srojelme@taobao.com,Male
808,Aurelie,Gristock,agristockmf@fotki.com,Female
809,Nannie,Beteriss,nbeterissmg@theguardian.com,Female
810,Nance,Labell,nlabellmh@chicagotribune.com,Male
811,Elga,Firsby,efirsbymi@accuweather.com,Female
812,Arielle,Mateev,amateevmj@imdb.com,Male
813,Ellissa,Jerrom,ejerrommk@theglobeandmail.com,Female
814,Talyah,Gullane,tgullaneml@telegraph.co.uk,Female
815,Kandace,Andrasch,kandraschmm@columbia.edu,Bigender
816,Madlin,Hedditeh,mhedditehmn@ustream.tv,Genderfluid
817,Adena,Swanton,aswantonmo@amazon.de,Male
818,Marven,Boothe,mboothemp@furl.net,Female
819,Seka,Sedgwick,ssedgwickmq@sciencedirect.com,Male
820,Catherine,Satterley,csatterleymr@ifeng.com,Male
821,Noach,De Cruce,ndecrucems@reuters.com,Male
822,Ferguson,Rudman,frudmanmt@reuters.com,Female
823,Julio,Jentges,jjentgesmu@themeforest.net,Genderqueer
824,Sofie,Boss,sbossmv@dion.ne.jp,Male
825,Ringo,Caroli,rcarolimw@indiegogo.com,Male
826,Marilee,Gallichiccio,mgallichicciomx@biglobe.ne.jp,Female
827,Sherrie,Huckster,shuckstermy@reverbnation.com,Female
828,Debbi,Dunbar,ddunbarmz@twitpic.com,Agender
829,Nickie,Tellenbach,ntellenbachn0@youtu.be,Female
830,Mag,Breeder,mbreedern1@pagesperso-orange.fr,Male
831,Bret,Pehrsson,bpehrssonn2@myspace.com,Male
832,Corina,Boultwood,cboultwoodn3@ifeng.com,Agender
833,Idalia,Hake,ihaken4@hostgator.com,Male
834,Bevan,Lamdin,blamdinn5@hud.gov,Male
835,Dicky,O'Fogarty,dofogartyn6@ebay.co.uk,Female
836,Daloris,Dicke,ddicken7@studiopress.com,Female
837,Sephira,Hawk,shawkn8@wufoo.com,Female
838,Claude,Mulhall,cmulhalln9@slideshare.net,Female
839,Hilly,Kubek,hkubekna@ted.com,Female
840,Markos,Coldman,mcoldmannb@europa.eu,Male
841,Samara,Lunam,slunamnc@desdev.cn,Male
842,Desdemona,De la Harpe,ddelaharpend@ox.ac.uk,Male
843,Lola,Reymers,lreymersne@homestead.com,Female
844,Ashby,Addy,aaddynf@constantcontact.com,Female
845,Reyna,Vernon,rvernonng@opensource.org,Female
846,Harbert,Farney,hfarneynh@about.me,Female
847,Ethelbert,Redmond,eredmondni@nationalgeographic.com,Female
848,Quint,Bearne,qbearnenj@economist.com,Male
849,Jobi,Gaynsford,jgaynsfordnk@mit.edu,Agender
850,Ignatius,Polden,ipoldennl@jiathis.com,Female
851,Vida,Linnitt,vlinnittnm@shareasale.com,Male
852,Cornell,Dacre,cdacrenn@sakura.ne.jp,Male
853,Wake,Caulder,wcaulderno@lulu.com,Female
854,Cynthea,Barrable,cbarrablenp@desdev.cn,Male
855,Netti,Tizard,ntizardnq@jigsy.com,Female
856,Ogden,Gritton,ogrittonnr@ning.com,Female
857,Ardith,Arnout,aarnoutns@g.co,Female
858,Clayson,Ensor,censornt@google.nl,Male
859,Dur,Cucuzza,dcucuzzanu@hexun.com,Female
860,Aurelie,Izakovitz,aizakovitznv@google.com.hk,Male
861,Tania,Broadhurst,tbroadhurstnw@kickstarter.com,Male
862,Milli,Ferencz,mferencznx@booking.com,Male
863,Katherina,Lightwing,klightwingny@cargocollective.com,Male
864,Marylou,Kunz,mkunznz@imdb.com,Male
865,Edee,Marcos,emarcoso0@privacy.gov.au,Female
866,Federica,Uff,fuffo1@earthlink.net,Male
867,Micheline,Lascell,mlascello2@ucoz.ru,Male
868,Brendis,Habbergham,bhabberghamo3@hibu.com,Female
869,Levy,Mundwell,lmundwello4@studiopress.com,Male
870,Reggie,Redpath,rredpatho5@timesonline.co.uk,Male
871,Elysha,Brobak,ebrobako6@ucla.edu,Female
872,Ashton,Reed,areedo7@so-net.ne.jp,Male
873,Morgan,Binnall,mbinnallo8@timesonline.co.uk,Bigender
874,Gustie,Roakes,groakeso9@twitter.com,Male
875,Sissy,Dorow,sdorowoa@surveymonkey.com,Male
876,Rubie,Winear,rwinearob@constantcontact.com,Agender
877,Albrecht,Towe,atoweoc@angelfire.com,Female
878,Renata,Vigus,rvigusod@t-online.de,Female
879,Raphaela,Dickon,rdickonoe@rediff.com,Genderfluid
880,Kacey,Heam,kheamof@wisc.edu,Female
881,Townsend,Speke,tspekeog@ebay.co.uk,Male
882,Hart,Hedges,hhedgesoh@istockphoto.com,Female
883,Reinald,Sarath,rsarathoi@newyorker.com,Male
884,Jeannie,Solland,jsollandoj@deliciousdays.com,Female
885,Jillian,Lambourn,jlambournok@state.tx.us,Male
886,Betteanne,Connar,bconnarol@phpbb.com,Male
887,Ingram,Ackenhead,iackenheadom@1688.com,Genderqueer
888,Bernadine,Fancott,bfancotton@ted.com,Male
889,Brittney,Sarfas,bsarfasoo@adobe.com,Male
890,Bathsheba,Attwoul,battwoulop@chron.com,Female
891,Casey,Cotesford,ccotesfordoq@cbsnews.com,Male
892,Lana,Guyot,lguyotor@usatoday.com,Male
893,Kacy,Savaage,ksavaageos@tumblr.com,Male
894,Luis,Alti,laltiot@latimes.com,Bigender
895,Howard,McClunaghan,hmcclunaghanou@ovh.net,Male
896,Tanya,Bartalucci,tbartalucciov@vistaprint.com,Male
897,Jehanna,Sidebotton,jsidebottonow@wordpress.org,Male
898,Ardelis,McCathay,amccathayox@latimes.com,Male
899,Huey,Loble,hlobleoy@gravatar.com,Female
900,Joelle,Clowes,jclowesoz@webmd.com,Female
901,Natalie,Gatsby,ngatsbyp0@mail.ru,Female
902,Gordy,Village,gvillagep1@upenn.edu,Female
903,Patrice,Stonbridge,pstonbridgep2@mac.com,Female
904,Lotti,Alaway,lalawayp3@nationalgeographic.com,Male
905,Antonie,Gennrich,agennrichp4@desdev.cn,Male
906,Gale,Rizzo,grizzop5@blinklist.com,Male
907,Beckie,Golden,bgoldenp6@answers.com,Female
908,Oliviero,Cholerton,ocholertonp7@sciencedirect.com,Polygender
909,Elspeth,Gayter,egayterp8@pen.io,Male
910,Wadsworth,Farrier,wfarrierp9@xrea.com,Male
911,Van,Peele,vpeelepa@google.nl,Female
912,Kathye,Macari,kmacaripb@virginia.edu,Female
913,Jany,Debold,jdeboldpc@ebay.com,Female
914,Mercedes,Cooling,mcoolingpd@bluehost.com,Polygender
915,Ingaberg,Le Lievre,ilelievrepe@opera.com,Male
916,Adara,Pykett,apykettpf@earthlink.net,Female
917,Fancy,Tremain,ftremainpg@google.com.au,Female
918,Antonina,By,abyph@facebook.com,Male
919,Mellisa,Klosa,mklosapi@printfriendly.com,Female
920,Cecile,Bennis,cbennispj@vinaora.com,Female
921,Maddy,McCrackem,mmccrackempk@google.fr,Male
922,Ernst,Pallaske,epallaskepl@wordpress.com,Male
923,Georgia,Easom,geasompm@drupal.org,Male
924,Annis,Keysall,akeysallpn@ox.ac.uk,Female
925,Sidonia,Gadd,sgaddpo@si.edu,Male
926,Patric,Totton,ptottonpp@ucoz.ru,Male
927,Jeremie,Shoosmith,jshoosmithpq@vkontakte.ru,Female
928,Thia,O'Hdirscoll,tohdirscollpr@twitpic.com,Male
929,Murry,Fourman,mfourmanps@nymag.com,Female
930,Bambi,Coughlin,bcoughlinpt@icq.com,Female
931,Baxy,Vellacott,bvellacottpu@creativecommons.org,Agender
932,Randi,Risson,rrissonpv@ftc.gov,Male
933,Bonita,Antonchik,bantonchikpw@people.com.cn,Female
934,Wildon,Burchill,wburchillpx@ezinearticles.com,Male
935,Gilbert,Langridge,glangridgepy@house.gov,Male
936,Tallie,Twelve,ttwelvepz@linkedin.com,Male
937,Ikey,Daldry,idaldryq0@hugedomains.com,Male
938,Iris,Scampion,iscampionq1@mail.ru,Female
939,Bernarr,Luckhurst,bluckhurstq2@umn.edu,Female
940,Riannon,Roycroft,rroycroftq3@zimbio.com,Female
941,Darsey,Domney,ddomneyq4@deviantart.com,Male
942,Mannie,Coytes,mcoytesq5@1und1.de,Male
943,Paulette,Gepp,pgeppq6@surveymonkey.com,Male
944,Bax,MacAvddy,bmacavddyq7@freewebs.com,Female
945,Eugen,Battey,ebatteyq8@quantcast.com,Female
946,Pietro,Howton,phowtonq9@bing.com,Female
947,Whitman,Stollard,wstollardqa@ebay.co.uk,Female
948,Reube,Rathjen,rrathjenqb@typepad.com,Male
949,Suzi,Dreng,sdrengqc@boston.com,Female
950,Roderich,Karpmann,rkarpmannqd@trellian.com,Female
951,Candice,Tresler,ctreslerqe@nifty.com,Female
952,Constantino,Lethebridge,clethebridgeqf@stumbleupon.com,Male
953,Trever,Wheatland,twheatlandqg@nature.com,Male
954,Margalit,Willshere,mwillshereqh@nbcnews.com,Female
955,Nariko,Venturoli,nventuroliqi@wisc.edu,Female
956,Dolorita,MacCard,dmaccardqj@zimbio.com,Male
957,Steffen,Kyteley,skyteleyqk@hibu.com,Female
958,Winnie,Heinz,wheinzql@behance.net,Female
959,Myranda,Hebson,mhebsonqm@hexun.com,Female
960,Nehemiah,Taylerson,ntaylersonqn@cafepress.com,Bigender
961,Hewie,Wichard,hwichardqo@cloudflare.com,Male
962,Avigdor,Siggens,asiggensqp@imgur.com,Genderqueer
963,Bibi,Garrat,bgarratqq@artisteer.com,Female
964,Onida,Aicheson,oaichesonqr@irs.gov,Female
965,Tracee,Stetlye,tstetlyeqs@mayoclinic.com,Female
966,Rorke,Ivanenko,rivanenkoqt@hhs.gov,Male
967,Florry,Krzysztof,fkrzysztofqu@plala.or.jp,Male
968,Jordanna,Gatecliff,jgatecliffqv@dedecms.com,Male
969,Felecia,Wedmore.,fwedmoreqw@weibo.com,Male
970,Bobby,Feilden,bfeildenqx@trellian.com,Male
971,Jaimie,Dalyell,jdalyellqy@bing.com,Male
972,Hyacinthia,Stiggles,hstigglesqz@e-recht24.de,Polygender
973,Rivalee,Hardey,rhardeyr0@vk.com,Male
974,Minetta,Leyninye,mleyninyer1@sitemeter.com,Bigender
975,Llewellyn,Cheasman,lcheasmanr2@sciencedirect.com,Female
976,Zuzana,Jiggins,zjigginsr3@wikia.com,Female
977,Lorelei,Linley,llinleyr4@purevolume.com,Male
978,Giacopo,Wheelhouse,gwheelhouser5@friendfeed.com,Polygender
979,Gert,Syne,gsyner6@mlb.com,Male
980,Craggie,Ezzy,cezzyr7@nba.com,Bigender
981,Tova,Santhouse,tsanthouser8@sbwire.com,Female
982,Patty,Swannick,pswannickr9@wired.com,Male
983,Dayna,Vallack,dvallackra@oracle.com,Male
984,Leupold,Harwood,lharwoodrb@nydailynews.com,Male
985,Shane,Lutman,slutmanrc@nasa.gov,Female
986,Esta,Maryon,emaryonrd@china.com.cn,Female
987,Emlen,Milmo,emilmore@canalblog.com,Male
988,Kelsey,Copin,kcopinrf@squidoo.com,Male
989,Sander,Bailess,sbailessrg@hugedomains.com,Male
990,Charin,Giacometti,cgiacomettirh@hostgator.com,Agender
991,Marsha,Pilpovic,mpilpovicri@uiuc.edu,Male
992,Charlena,Farnaby,cfarnabyrj@hibu.com,Female
993,Meir,Minichi,mminichirk@about.me,Female
994,Desirae,Nares,dnaresrl@imdb.com,Male
995,Vlad,Lovegrove,vlovegroverm@bbb.org,Male
996,Aldin,Marquot,amarquotrn@nydailynews.com,Male
997,Mae,Pavlenkov,mpavlenkovro@cdbaby.com,Male
998,Lynea,Cottu,lcotturp@indiatimes.com,Female
999,Tabbi,Brechin,tbrechinrq@over-blog.com,Female
1000,Wendi,Pennetti,wpennettirr@example.com,Male
